Title,Date,Content
"Jadwal Lengkap Kapolri Cup 2024, Babak 8 Besar hingga Final",10 Oct 24 | 09:52,"regional
kategori
event
download idn app sekarang!
kapolri cup 2024 telah memasuki babak 8 besar dan akan digelar di gor terpadu a yani, pontianak pada 3-8 oktober 2024. selanjutnya, kompetisi akan dilanjutkan ke babak semifinal hingga final pada 10-12 oktober 2024 mendatang.
sebelumnya, sejumlah tim dari setiap provinsi telah berjuang di babak penyisihan hingga 16 besar. kini, tersisa delapan tim dari kategori putra dan putri yang akan memperebutkan trofi bergengsi kapolri cup 2024.
sang juara bertahan, kalimantan barat masih menjadi tim yang dijagokan kembali meraih juara di turnamen ini. berikut jadwal lengkap kapolri cup 2024 dari babak 8 besar hingga final.
pada babak 8 besar kapolri cup 2024, delapan tim dari kategori putra dan putri dibagi menjadi dua grup. setiap tim akan memainkan tiga pertandingan melawan tim dari satu grup. lalu, masing-masing juara dan runner up dari setiap grup akan melaju ke babak semifinal.
berikut pembagian grup 8 besar kapolri cup 2024:
kategori putra
kategori putri
berikut jadwal 8 besar kapolri cup 2024 dari kamis, 3 oktober hingga selasa, 8 oktober 2024.
kamis, 3 oktober
jumat, 4 oktober
sabtu, 5 oktober
minggu, 6 oktober
senin, 7 oktober
selasa, 8 oktober
baca juga: profil hany budiarti, serda tni au yang bela jakarta pertamina enduro
babak semifinal kapolri cup 2024 akan digelar di gor terpadu a yani, pontianak pada kamis, 10 oktober 2024. berikut jadwal semifinal kapolri cup 2024:
kemudian pertandingan perebutan peringkat tiga dan final kapolri cup 2024 akan diadakan pada 11 dan 12 oktober 2024.
baca juga: profil yolla yuliana, atlet voli populer yang berprestasi
pertandingan kapolri cup 2024 disiarkan langsung di vidio dan moji tv. masyarakat bisa menonton siaran langsungnya secara gratis di moji tv melalui tv digital.
selain itu, pencinta voli juga bisa menonton live streaming kapolri cup 2024 melalui vidio dengan membeli paket berlangganan seharga rp39 ribu per bulan. berikut cara nonton kapolri cup 2024 di vidio:
itulah tadi jadwal lengkap kapolri cup 2024 dari babak 8 besar hingga final. dukung tim jagoanmu, ya!
baca juga: profil nurlaili kusumah, pevoli sekaligus tni al di proliga 2024"
